"","x"
"1","Andrew Bogut"
"2","Marvin Williams"
"3","Chris Paul"
"4","Raymond Felton"
"5","Charlie Villanueva"
"6","Channing Frye"
"7","Deron Williams"
"8","Gerald Green"
"9","Nate Robinson"
"10","Jarrett Jack"
"11","Ian Mahinmi"
"12","David Lee"
"13","Brandon Bass"
"14","CJ Miles"
"15","Ersan Ilyasova"
"16","Monta Ellis"
"17","Lou Williams"
"18","Amir Johnson"
"19","Marcin Gortat"
"20","Ronnie Price"
"21","Jose Calderon"
"22","Alan Anderson"
"23","Charles Hayes"
"24","Tim Duncan"
"25","Vince Carter"
"26","Dirk Nowitzki"
"27","Paul Pierce"
"28","Nazr Mohammed"
"29","Elton Brand"
"30","Andre Miller"
"31","Jason Terry"
"32","Manu Ginobili"
"33","Andrea Bargnani"
"34","LaMarcus Aldridge"
"35","Randy Foye"
"36","Rudy Gay"
"37","JJ Redick"
"38","Thabo Sefolosha"
"39","Rajon Rondo"
"40","Kyle Lowry"
"41","Jordan Farmar"
"42","Steve Novak"
"43","PJ Tucker"
"44","Paul Millsap"
"45","Ryan Hollins"
"46","Lou Amundson"
"47","Jose Juan Barea"
"48","Kevin Durant"
"49","Al Horford"
"50","Mike Conley"
"51","Jeff Green"
"52","Corey Brewer"
"53","Brandan Wright"
"54","Joakim Noah"
"55","Spencer Hawes"
"56","Thaddeus Young"
"57","Rodney Stuckey"
"58","Nick Young"
"59","Marco Belinelli"
"60","Jason Smith"
"61","Jared Dudley"
"62","Aaron Brooks"
"63","Arron Afflalo"
"64","Tiago Splitter"
"65","Carl Landry"
"66","Josh McRoberts"
"67","Marc Gasol"
"68","Ramon Sessions"
"69","Joel Anthony"
"70","CJ Watson"
"71","Anthony Tolliver"
"72","Michael Beasley"
"73","O.J. Mayo"
"74","Derrick Rose"
"75","Russell Westbrook"
"76","Kevin Love"
"77","Danilo Gallinari"
"78","Eric Gordon"
"79","D.J. Augustin"
"80","Brook Lopez"
"81","Jerryd Bayless"
"82","Jason Thompson"
"83","Brandon Rush"
"84","Robin Lopez"
"85","Marreese Speights"
"86","Roy Hibbert"
"87","JaVale McGee"
"88","JJ Hickson"
"89","Alexis Ajinca"
"90","Ryan Anderson"
"91","Courtney Lee"
"92","Kosta Koufos"
"93","Serge Ibaka"
"94","Nicolas Batum"
"95","George Hill"
"96","Darrell Arthur"
"97","Nikola Pekovic"
"98","Mario Chalmers"
"99","DeAndre Jordan"
"100","Omer Asik"
"101","Luc Mbah a Moute"
"102","Goran Dragic"
"103","Anthony Morrow"
"104","Blake Griffin"
"105","James Harden"
"106","Tyreke Evans"
"107","Ricky Rubio"
"108","Stephen Curry"
"109","Jordan Hill"
"110","DeMar DeRozan"
"111","Brandon Jennings"
"112","Gerald Henderson"
"113","Tyler Hansbrough"
"114","James Johnson"
"115","Jrue Holiday"
"116","Ty Lawson"
"117","Jeff Teague"
"118","Darren Collison"
"119","Omri Casspi"
"120","Taj Gibson"
"121","DeMarre Carroll"
"122","Wayne Ellington"
"123","Toney Douglas"
"124","Jeff Ayres"
"125","Dante Cunningham"
"126","DeJuan Blair"
"127","Jonas Jerebko"
"128","Jodie Meeks"
"129","Patrick Beverley"
"130","Marcus Thornton"
"131","Chase Budinger"
"132","Danny Green"
"133","Patty Mills"
"134","Garrett Temple"
"135","Wesley Matthews"
"136","Alonzo Gee"
"137","John Wall"
"138","Evan Turner"
"139","Derrick Favors"
"140","Wesley Johnson"
"141","DeMarcus Cousins"
"142","Greg Monroe"
"143","Al-Farouq Aminu"
"144","Gordon Hayward"
"145","Paul George"
"146","Cole Aldrich"
"147","Ed Davis"
"148","Patrick Patterson"
"149","Luke Babbitt"
"150","Kevin Seraphin"
"151","Eric Bledsoe"
"152","Avery Bradley"
"153","Elliot Williams"
"154","Trevor Booker"
"155","Greivis Vasquez"
"156","Hassan Whiteside"
"157","Lance Stephenson"
"158","Jeremy Evans"
"159","Donald Sloan"
"160","Timofey Mozgov"
"161","Gary Neal"
"162","Jeremy Lin"
"163","Ish Smith"
"164","Elijah Millsap"
"165","Lance Thomas"
"166","Kyrie Irving"
"167","Derrick Williams"
"168","Enes Kanter"
"169","Tristan Thompson"
"170","Jonas Valanciunas"
"171","Bismack Biyombo"
"172","Brandon Knight"
"173","Kemba Walker"
"174","Jimmer Fredette"
"175","Klay Thompson"
"176","Alec Burks"
"177","Markieff Morris"
"178","Marcus Morris"
"179","Kawhi Leonard"
"180","Nikola Vucevic"
"181","Iman Shumpert"
"182","Tobias Harris"
"183","Donatas Motiejunas"
"184","Kenneth Faried"
"185","Nikola Mirotic"
"186","Reggie Jackson"
"187","Jordan Hamilton"
"188","Norris Cole"
"189","Cory Joseph"
"190","Jimmy Butler"
"191","Bojan Bogdanovic"
"192","Kyle Singler"
"193","Shelvin Mack"
"194","Chandler Parsons"
"195","Jon Leuer"
"196","Lavoy Allen"
"197","E'Twaun Moore"
"198","Isaiah Thomas"
"199","Greg Smith"
"200","Anthony Davis"
"201","Michael Kidd-Gilchrist"
"202","Bradley Beal"
"203","Dion Waiters"
"204","Thomas Robinson"
"205","Damian Lillard"
"206","Terrence Ross"
"207","Andre Drummond"
"208","Harrison Barnes"
"209","Austin Rivers"
"210","Meyers Leonard"
"211","Jeremy Lamb"
"212","Kendall Marshall"
"213","John Henson"
"214","Maurice Harkless"
"215","Tyler Zeller"
"216","Terrence Jones"
"217","Andrew Nicholson"
"218","Evan Fournier"
"219","Jared Sullinger"
"220","John Jenkins"
"221","Jared Cunningham"
"222","Tony Wroten"
"223","Miles Plumlee"
"224","Festus Ezeli"
"225","Jae Crowder"
"226","Draymond Green"
"227","Quincy Acy"
"228","Khris Middleton"
"229","Will Barton"
"230","Mike Scott"
"231","Kostas Papanikolaou"
"232","Kyle O'Quinn"
"233","Robert Sacre"
"234","Hollis Thompson"
"235","Mirza Teletovic"
"236","Chris Copeland"
"237","Pablo Prigioni"
"238","Kent Bazemore"
"239","Brian Roberts"
"240","Henry Sims"
"241","Chris Johnson"
"242","Justin Holiday"
"243","JaMychal Green"
"244","Jorge Gutierrez"
"245","Aron Baynes"
"246","Mike Miller"
"247","Nerlens Noel"
"248","Alex Len"
"249","Allen Crabbe"
"250","Andre Roberson"
"251","Anthony Bennett"
"252","Archie Goodwin"
"253","Ben McLemore"
"254","CJ McCollum"
"255","Cody Zeller"
"256","Dennis Schroder"
"257","Dewayne Dedmon"
"258","Erick Green"
"259","Gorgui Dieng"
"260","Isaiah Canaan"
"261","Jeff Withey"
"262","Kelly Olynyk"
"263","Kentavious Caldwell-Pope"
"264","Lorenzo Brown"
"265","Mason Plumlee"
"266","Michael Carter-Williams"
"267","Mike Muscala"
"268","Otto Porter"
"269","Ray McCallum"
"270","Reggie Bullock"
"271","Robert Covington"
"272","Rudy Gobert"
"273","Shabazz Muhammad"
"274","Shane Larkin"
"275","Steven Adams"
"276","Tim Hardaway Jr."
"277","Tony Snell"
"278","Trey Burke"
"279","Victor Oladipo"
"280","Giannis Antetokounmpo"
"281","Sergey Karasev"
"282","Lucas Nogueira"
"283","Phil Pressey"
"284","James Ennis"
"285","Matthew Dellavedova"
"286","Solomon Hill"
"287","Ryan Kelly"
"288","Joffrey Lauvergne"
"289","Ian Clark"
"290","Seth Curry"
"291","Troy Daniels"
"292","Jamal Crawford"
"293","PJ Hairston"
"294","Russ Smith"
"295","Shabazz Napier"
"296","Zach LaVine"
"297","Tyler Ennis"
"298","Markel Brown"
"299","Elfrid Payton"
"300","Jordan Clarkson"
"301","Devyn Marble"
"302","KJ McDaniels"
"303","CJ Wilcox"
"304","Gary Harris"
"305","Spencer Dinwiddie"
"306","Nik Stauskas"
"307","Rodney Hood"
"308","Jordan Adams"
"309","Cleanthony Early"
"310","Glenn Robinson"
"311","James Young"
"312","Jerami Grant"
"313","Joe Harris"
"314","Doug McDermott"
"315","Cory Jefferson"
"316","Sean Kilpatrick"
"317","Aaron Gordon"
"318","TJ Warren"
"319","Marcus Smart"
"320","Kyle Anderson"
"321","Dwight Powell"
"322","Adreian Payne"
"323","Noah Vonleh"
"324","Julius Randle"
"325","Cameron Bairstow"
"326","Johnny O'Bryant"
"327","James Michael McAdoo"
"328","Jarnell Stokes"
"329","Andrew Wiggins"
"330","Jabari Parker"
"331","Bryce Cotton"
"332","Mitch McGary"
"333","JaKarr Sampson"
"334","Eric Moreland"
"335","Shayne Whittington"
"336","Clint Capela"
"337","Jusuf Nurkic"
"338","Bruno Caboclo"
"339","Damjan Rudez"
"340","Tyler Johnson"
"341","Tim Frazier"
"342","Tarik Black"
"343","Langston Galloway"
"344","Joe Ingles"
"345","Tyson Chandler"
"346","Pau Gasol"
"347","Joe Johnson"
"348","Richard Jefferson"
"349","Zach Randolph"
"350","Tony Parker"
"351","Chris Andersen"
"352","Mike Dunleavy"
"353","Drew Gooden"
"354","Nene"
"355","Amar'e Stoudemire"
"356","Caron Butler"
"357","Tayshaun Prince"
"358","Matt Barnes"
"359","Rasual Butler"
"360","Luis Scola"
"361","LeBron James"
"362","Carmelo Anthony"
"363","Chris Bosh"
"364","Dwyane Wade"
"365","Chris Kaman"
"366","Kirk Hinrich"
"367","Nick Collison"
"368","David West"
"369","Dahntay Jones"
"370","Boris Diaw"
"371","Kendrick Perkins"
"372","Leandro Barbosa"
"373","Steve Blake"
"374","Zaza Pachulia"
"375","Matt Bonner"
"376","Mo Williams"
"377","James Jones"
"378","Kyle Korver"
"379","Udonis Haslem"
"380","Dwight Howard"
"381","Shaun Livingston"
"382","Devin Harris"
"383","Luol Deng"
"384","Andre Iguodala"
"385","Kris Humphries"
"386","Al Jefferson"
"387","Josh Smith"
"388","J.R. Smith"
"389","Jameer Nelson"
"390","Tony Allen"
"391","Kevin Martin"
"392","Beno Udrih"
"393","Anderson Varejao"
"394","Trevor Ariza"
"395","Kevin Garnett"
"396","Kobe Bryant"
